date,cloud,DO,pH
2016-11-12,0.007379,7.675239567,8.787087252
2016-11-22,0.002996,7.694708195,8.970298842
2017-02-10,0.001179,7.676941896,8.641382808
2017-02-10,0.003145,7.65973441,8.439839452
2017-03-22,0.002465,7.68562727,8.978267902
2017-10-23,0.002384,7.662377612,8.329002617
2017-10-28,0.007705,7.651099121,8.382581698
2017-11-22,0.005063,7.696696592,8.676942772
2017-11-22,0.005309,7.706219074,8.876213951
2017-11-22,0.001483,7.709229964,8.964489113
2017-12-07,0.007435,7.702175221,9.022724153
2017-12-12,0.003238,7.720691819,9.349182215
2017-12-27,0.007047,7.705844651,9.041723194
2017-12-27,0.877307,7.699019213,8.878568601
2018-01-11,0.007244,7.732164308,9.639193676
2018-01-31,0.001651,7.691804511,8.647753613
2018-01-31,0.001835,7.675294909,8.363311575
2018-02-15,0.000858,7.683618073,8.179490122
2018-04-21,0.000664,7.680337631,8.612794083
2018-04-21,0.00863,7.679574421,8.619800037
2018-06-10,14.683576,7.675365561,8.781910332
2018-06-10,17.147277,7.7147771,9.817307187
2018-06-10,37.136325,7.723653317,9.958647299
2018-06-10,38.999394,7.714133131,9.925404642
2018-11-17,0.002154,7.65803514,8.614826398
2018-11-17,0.002128,7.690300246,8.995041208
2018-11-17,0.003945,7.695947345,9.139099243
2018-11-17,0.001689,7.686636655,9.002294379
2018-11-27,0.009764,7.699214816,9.046502755
2018-11-27,0.007963,7.703022302,9.088296059
2018-12-22,0.39545,7.704366189,8.877715956
2018-12-22,0.879095,7.703916861,8.620116094
2018-12-22,0.717128,7.701352954,8.776239228
2018-12-22,1.074144,7.706506452,8.676245615
2018-12-27,0.344545,7.70417235,9.388809492
2018-12-27,0.944881,7.705785925,9.192188185
2018-12-27,2.003424,7.706368579,9.246208774
2018-12-27,0.294548,7.706924742,9.485964211
2019-01-01,0.322852,7.711942206,9.055863434
2019-01-01,4.88356,7.708291762,9.240307253
2019-01-01,0.363595,7.713415944,9.10480068
2019-01-01,6.702506,7.710135944,9.336751489
2019-01-06,0.935624,7.707835312,9.302904801
2019-01-06,0.115244,7.706821998,9.017211429
2019-01-06,2.398037,7.703906658,9.203238014
2019-01-06,0.09056,7.708504858,9.069356257
2019-01-11,0.998285,7.703323461,9.388844365
2019-01-11,0.186861,7.703678804,9.112442384
2019-01-11,0.114878,7.701788137,9.054257678
2019-01-11,1.15379,7.700136778,9.277854184
2019-01-16,0.031191,7.706558627,9.143737574
2019-01-16,16.177233,7.703332786,9.39981589
2019-01-16,0.024742,7.705507591,9.09325786
2019-01-16,8.454294,7.699351486,9.26757694
2019-01-21,8.072843,7.683430462,8.911452016
2019-01-21,0.027482,7.692558184,8.760996078
2019-01-21,1.535509,7.687928224,9.047538387
2019-01-21,0.038722,7.694022108,8.82254549
2019-02-05,38.19008,7.7167781,9.824135652
2019-02-10,0.457506,7.687080604,8.72833124
2019-02-10,0.099963,7.672478216,8.808476533
2019-02-10,0.709454,7.689724047,8.799956275
2019-02-10,0.072044,7.681723735,8.996325958
2019-02-20,34.802756,7.687216575,9.265847798
2019-02-20,13.428841,7.687698018,9.099974395
2019-02-20,3.55311,7.681330248,9.355531429
2019-02-25,8.177382,7.680096001,8.796162148
2019-02-25,9.62604,7.673339043,8.976046724
2019-02-25,14.137003,7.686859985,8.891260032
2019-02-25,5.471044,7.685897051,9.155374368
2019-03-07,0.024254,7.690772674,8.861270152
2019-03-07,0.056944,7.684935321,9.051685342
2019-03-07,0.0293,7.694033847,8.930518089
2019-03-07,0.03568,7.690375732,9.17855319
2019-03-12,0.145004,7.667086818,8.73012
2019-03-12,2.321728,7.657704307,8.849174463
2019-03-12,0.639902,7.670341537,8.804876863
2019-03-12,0.949002,7.668231525,9.037105139
2019-03-22,0.049768,7.673799511,8.708389958
2019-03-22,0.030461,7.671162717,8.917541303
2019-03-22,0.056433,7.672823014,8.647633504
2019-03-22,0.033046,7.664308928,8.769369675
2019-03-27,0.076387,7.686079677,8.562541998
2019-03-27,0.034371,7.675667895,8.635472877
2019-03-27,0.061161,7.68959596,8.676142492
2019-03-27,0.016121,7.688061259,8.848781146
2019-04-01,0.027382,7.685125774,9.29963475
2019-04-01,0.04147,7.680253276,9.188854907
2019-04-01,0.081881,7.684636062,9.066207008
2019-04-01,0.024657,7.680084932,8.985376526
2019-04-06,10.56468,7.701898329,9.13184
2019-04-06,26.57563,7.700512996,9.075422583
2019-04-11,1.34247,7.694904602,8.971783246
2019-04-11,0.181334,7.694489487,9.14536568
2019-04-11,0.615711,7.69739769,9.036243518
2019-04-11,0.041427,7.698113547,9.244058318
2019-04-21,0.042601,7.681843816,9.466803575
2019-04-21,0.238266,7.678776076,9.192964527
2019-04-21,0.048116,7.678389574,9.373871474
2019-04-21,0.619673,7.681665997,9.263581885
2019-04-26,0.093462,7.691701156,8.986066237
2019-04-26,0.063072,7.691826626,9.147864053
2019-04-26,0.054837,7.693994058,9.225576715
2019-04-26,0.25262,7.693613031,9.03634118
2019-05-01,0.061972,7.689091409,9.231327756
2019-05-01,1.455715,7.692329134,9.318703229
2019-05-01,0.950422,7.691491067,9.152067021
2019-05-01,0.097969,7.688515173,9.074931321
2019-05-06,0.375543,7.686684175,9.397988651
2019-05-06,0.855044,7.685752579,9.216732847
2019-05-06,0.294922,7.684086973,9.162416368
2019-05-06,0.193003,7.684250247,9.320490735
2019-05-21,0.93929,7.682474416,9.277862446
2019-05-21,0.077319,7.683947496,9.471685223
2019-05-21,0.121776,7.680444237,9.385934412
2019-05-21,0.108197,7.68075718,9.217886501
2019-05-26,23.807409,7.692745678,9.507205394
2019-05-26,4.228118,7.695383713,9.595
2019-05-31,0.296598,7.682893274,9.421814867
2019-05-31,0.187521,7.679893024,9.187251195
2019-05-31,0.098132,7.679793444,9.34017319
2019-05-31,0.204887,7.682984837,9.255055732
2019-06-05,26.475422,7.694078911,9.412509589
2019-06-05,0.748843,7.694818699,9.563371881
2019-06-05,1.76526,7.696030451,9.464547062
2019-06-05,3.456223,7.696808159,9.635861668
2019-06-10,0.129537,7.675600292,9.199900384
2019-06-10,0.095753,7.675377859,9.37320687
2019-06-10,0.339053,7.677647791,9.257529302
2019-06-10,0.162972,7.678391087,9.456679473
2019-06-15,27.866805,7.698427268,9.604188852
2019-06-15,7.868647,7.699090312,9.80289605
2019-06-15,32.761979,7.696824437,9.553990839
2019-06-15,2.016706,7.696434383,9.728830423
2019-06-20,27.705665,7.696778273,9.768107609
2019-06-20,20.705938,7.696103304,9.683884238
2019-06-25,27.827025,7.704982233,11.79998193
2019-06-25,30.856544,7.70438172,11.82093241
2019-06-25,20.981337,7.704001606,11.66169068
2019-06-25,16.341113,7.703717457,11.67310367
2019-06-30,34.456779,7.695125331,10.02525915
2019-06-30,27.682616,7.696863644,10.10899124
2019-07-15,30.307449,7.700438646,10.51726418
2019-07-15,34.044132,7.703737185,10.45289124
2019-07-20,24.966977,7.704868374,9.917783963
2019-07-20,12.747468,7.706665304,9.984835056
2019-07-20,23.743146,7.704645004,10.19472968
2019-08-29,22.166668,7.718440223,11.30129477
2019-10-08,8.302139,7.695360463,9.024932897
2019-10-08,11.15985,7.700357052,8.897593846
2019-10-08,7.629403,7.698319648,8.818998893
2019-10-08,4.807363,7.694686573,8.934122605
2019-10-13,34.572364,7.680324065,8.196164341
2019-10-13,0.079176,7.687852011,8.461414845
2019-10-13,7.296731,7.694449119,8.480986901
2019-10-13,0.080487,7.69071837,8.564442393
2019-10-18,0.894151,7.720517534,9.838956693
2019-10-18,3.287512,7.718034581,9.704811497
2019-10-18,0.371679,7.714876778,9.593442571
2019-10-18,0.484895,7.717368748,9.703969761
2019-10-18,4.14522,7.702488858,9.190276279
2019-10-18,3.368783,7.718987681,9.755731072
2019-10-18,2.253804,7.716438475,9.621917445
2019-10-18,2.594532,7.714623563,9.436639223
2019-10-28,24.848616,7.713485501,10.39745182
2019-10-28,23.434449,7.70689701,10.06716819
2019-10-28,13.716162,7.71497001,10.58021354
2019-10-28,37.450582,7.705923818,10.28694922
2019-11-02,1.145842,7.719298086,10.53038347
2019-11-02,10.51641,7.711896367,10.11503967
2019-11-02,3.329606,7.717771818,10.39640688
2019-11-07,15.733253,7.717587544,10.44252985
2019-11-07,2.541812,7.71961457,10.44224752
2019-11-07,0.371389,7.722323968,10.5810229
2019-11-12,0.440257,7.71540538,9.832155748
2019-11-12,0.249405,7.712249969,9.605308872
2019-11-12,2.173138,7.714842482,9.757681893
2019-11-12,0.275873,7.71211474,9.580058365
2019-11-17,0.222883,7.699294821,9.234429709
2019-11-17,0.332534,7.687746991,8.865860604
2019-11-17,0.190253,7.697492539,9.149818182
2019-11-17,0.189317,7.684701751,8.798084607
2019-11-22,11.657934,7.711868975,9.633999003
2019-11-22,25.206748,7.718132461,9.716022719
2019-11-22,31.112078,7.714378531,9.585732261
2019-11-22,29.558214,7.709039041,9.535076242
2019-11-27,0.660061,7.702888488,9.134534737
2019-11-27,5.42605,7.704302619,9.341940421
2019-11-27,0.197896,7.704557347,9.14666289
2019-11-27,5.386263,7.702040205,9.259948153
2019-12-02,23.565472,7.709591346,10.86992974
2019-12-02,19.311336,7.709476837,10.8312697
2019-12-22,8.290412,7.71962223,9.351143355
2019-12-22,1.77819,7.719004344,9.318677729
2020-01-06,0.082539,7.700288889,9.045809704
2020-01-06,0.061675,7.701398057,9.095469091
2020-01-11,16.970288,7.706781674,9.228844731
2020-01-11,0.048938,7.712788964,9.008695338
2020-01-11,32.630961,7.705034908,9.107181009
2020-01-11,0.10632,7.710262886,8.948873185
2020-01-16,10.866961,7.709062975,9.444848092
2020-01-16,0.688846,7.7115659,9.486682902
2020-01-16,20.642784,7.710481196,9.82166963
2020-01-21,32.105365,7.699448681,13.33788314
2020-01-21,39.237102,7.698905389,13.15265166
2020-01-26,0.112734,7.708018227,9.149610891
2020-01-26,14.208835,7.706437292,9.389218361
2020-01-26,0.057153,7.706589536,9.102060147
2020-01-26,0.347594,7.703118019,9.28775662
2020-01-31,0.083228,7.699578576,9.334683242
2020-01-31,0.042767,7.70091071,9.067967052
2020-01-31,0.095325,7.697611996,9.224441739
2020-01-31,0.046665,7.699227174,9.00544385
2020-02-05,0.471422,7.707757541,9.656690896
2020-02-05,0.244657,7.708639246,9.391524871
2020-02-05,0.605947,7.705169588,9.558572653
2020-02-05,0.61084,7.705050377,9.337934315
2020-02-10,0.048729,7.704487978,8.939702328
2020-02-10,0.180066,7.711201698,9.276301568
2020-02-10,0.067156,7.705581366,8.974232238
2020-02-10,0.142495,7.713951245,9.37791366
2020-02-15,0.548385,7.668085139,8.495573805
2020-02-15,0.321574,7.651317677,8.589983556
2020-02-15,0.315639,7.675053451,8.605521717
2020-02-15,0.170703,7.661669706,8.762049129
2020-02-25,3.837824,7.713130346,9.501240499
2020-03-06,0.316313,7.664339318,8.453817388
2020-03-06,22.764247,7.673488568,8.843162671
2020-03-06,0.485051,7.659570468,8.346721473
2020-03-06,24.097947,7.679985341,8.872833016
2020-03-16,5.686368,7.688728103,8.934826751
2020-03-16,34.96291,7.686426197,9.15706491
2020-03-16,3.776667,7.684141014,8.826138182
2020-03-16,27.886148,7.677007114,8.986236544
2020-03-26,25.096396,7.664031571,8.834879869
2020-03-26,8.291217,7.668165457,9.111023461
2020-03-26,18.300078,7.660461007,8.750965209
2020-03-26,0.816227,7.660976109,8.949768676
2020-03-31,2.903484,7.683297349,9.265597535
2020-03-31,0.060836,7.682882149,9.524490715
2020-03-31,8.359792,7.678286036,9.211367528
2020-03-31,0.058872,7.677499199,9.430972316
2020-04-05,0.048856,7.691019892,9.336938413
2020-04-05,0.059925,7.69080994,9.533560415
2020-04-05,0.125461,7.695246589,9.404687819
2020-04-05,0.056987,7.695077553,9.646815054
2020-04-10,0.903039,7.694932391,9.782817662
2020-04-10,0.064168,7.692184008,9.691349362
2020-04-10,0.067102,7.692371335,9.487872644
2020-04-10,0.230427,7.694249284,9.559320627
2020-04-15,6.116025,7.689787239,9.391031579
2020-04-15,17.989077,7.688895473,9.185944761
2020-04-15,32.03013,7.68654325,9.122646662
2020-04-15,0.343595,7.686215124,9.295016254
2020-04-25,38.92214,7.67658629,9.123687746
2020-04-25,5.173048,7.677171047,9.303027683
2020-04-25,29.134084,7.680687803,9.397487139
2020-04-30,3.272849,7.688965653,9.501847934
2020-04-30,10.996859,7.688703032,9.668628571
2020-04-30,19.835337,7.690868785,9.557749153
2020-04-30,14.239471,7.691564856,9.757941389
2020-05-05,31.240159,7.658426372,9.243193358
2020-05-05,2.964998,7.655646884,9.180105441
2020-05-05,2.807519,7.65591019,9.353419913
2020-05-15,0.271784,7.683908663,9.763142992
2020-05-15,0.461485,7.681979986,9.564569829
2020-05-15,0.282686,7.680183456,9.492920528
2020-05-15,0.169851,7.68084867,9.679366195
2020-05-25,0.534613,7.689077472,9.549349413
2020-05-25,12.683269,7.688214418,9.352220499
2020-05-25,3.273382,7.686132682,9.292427826
2020-05-25,0.192766,7.685993644,9.451730909
2020-05-30,19.68237,7.704976821,10.20532179
2020-05-30,31.231712,7.703058354,9.973603156
2020-05-30,25.639142,7.703599245,10.1323758
2020-05-30,10.813232,7.705163316,10.03479015
2020-06-09,0.354193,7.689001184,9.559187483
2020-06-09,6.683057,7.691274334,9.44184334
2020-06-09,0.982386,7.691456108,9.641951318
2020-06-09,1.733584,7.688138407,9.380120793
2020-09-27,10.961029,7.717061423,10.06799191
2020-09-27,6.898423,7.713696949,9.804700842
2020-09-27,26.434193,7.713583435,10.10000534
2020-09-27,23.537819,7.721426575,9.937597507
2020-10-02,14.839569,7.695739286,9.785580969
2020-10-02,19.763843,7.695502353,9.794857031
2020-10-02,9.375994,7.692365373,9.50254096
2020-10-02,13.524476,7.698710701,9.566741483
2020-10-07,20.650944,7.699796136,10.93593305
2020-10-07,13.407675,7.703923383,11.28810661
2020-10-07,27.208636,7.697207276,10.93911861
2020-10-07,9.939768,7.702934935,11.25783635
2020-10-12,2.021101,7.648072499,8.282281908
2020-10-12,0.531853,7.653008384,8.519066125
2020-10-12,0.659378,7.643861495,8.196850888
2020-10-12,0.248347,7.650852558,8.431485735
2020-10-17,14.461724,7.706096415,9.21166922
2020-10-17,0.397636,7.700364775,9.303389399
2020-10-17,16.476976,7.704006034,9.164387657
2020-10-17,0.754934,7.698371487,9.219916823
2020-10-22,4.620861,7.708022143,9.255191874
2020-10-22,15.765788,7.700422696,9.546011139
2020-10-22,30.838802,7.686484189,8.994061623
2020-10-27,0.090243,7.696156045,9.085971526
2020-10-27,0.065908,7.675141815,8.674695676
2020-10-27,0.083125,7.664823422,8.739566784
2020-10-27,0.081207,7.675107446,8.699767792
2020-11-01,0.064809,7.679497718,8.610710782
2020-11-01,1.882742,7.688106278,8.881296307
2020-11-01,0.333303,7.679020852,8.65276766
2020-11-01,4.288964,7.661881172,8.599785256
2020-11-06,11.861709,7.709404011,9.591708353
2020-11-06,10.793307,7.70198138,9.254527324
2020-11-06,21.630028,7.710017062,9.660134902
2020-11-06,0.354553,7.707064874,9.338950508
2020-11-11,1.051446,7.678033794,8.350153008
2020-11-11,0.069011,7.679022692,8.548726713
2020-11-11,0.431067,7.676927448,8.3004589
2020-11-11,0.067278,7.676001035,8.43892777
2020-11-16,2.717,7.712943881,9.920717717
2020-11-16,22.821985,7.713316064,9.941161876
2020-11-21,0.209319,7.705991177,9.322825785
2020-11-21,0.119877,7.706692997,9.166233458
2020-11-21,0.118227,7.703078369,9.239403534
2020-11-21,0.11044,7.701568702,9.047368012
2020-12-01,0.36266,7.703839099,9.160178638
2020-12-01,0.163085,7.703162736,8.910042963
2020-12-01,0.108642,7.702868685,8.910798273
2020-12-01,0.59566,7.700860172,9.073941239
2020-12-06,0.90573,7.705149043,9.015325197
2020-12-06,8.490443,7.703751038,9.25132
2020-12-06,0.07671,7.705710403,9.01587404
2020-12-06,10.087896,7.701764375,9.161785904
2020-12-11,28.150203,7.703823832,8.996449048
2020-12-11,17.696444,7.701434166,8.940630875
2020-12-21,18.901072,7.717026523,9.688390064
2020-12-21,27.663233,7.716087946,9.660644489
2020-12-26,0.245102,7.714054678,9.271239337
2020-12-26,0.857252,7.715241942,9.043871636
2020-12-26,0.234749,7.711194829,9.169122227
2020-12-26,0.304963,7.714380174,9.047818824
2020-12-31,30.129314,7.717533313,9.822350682
2020-12-31,4.853292,7.712275401,9.524647336
2020-12-31,4.248934,7.714045257,9.568445505
2021-01-10,2.060451,7.706063505,9.556382166
2021-01-10,1.675572,7.702673985,9.250626253
2021-01-10,2.655097,7.703896659,9.439531887
2021-01-10,1.326029,7.700697456,9.195817496
2021-01-20,2.851519,7.719515214,9.748247777
2021-01-20,39.554271,7.717459357,9.9859694
2021-01-20,1.179097,7.720484997,9.805623023
2021-01-30,1.043067,7.724838279,10.96219777
2021-01-30,37.121075,7.72642054,11.16425124
2021-02-04,0.040959,7.694053306,8.739690189
2021-02-04,0.109054,7.696850071,9.03333022
2021-02-04,0.041994,7.69032636,8.65051443
2021-02-04,0.083122,7.69198659,8.906051676
2021-02-09,0.43255,7.718318459,9.515265593
2021-02-09,0.094472,7.693225408,8.652563361
2021-02-09,0.057755,7.702227355,8.858823529
2021-02-09,0.592446,7.713756728,9.355973333
2021-02-14,0.082358,7.697899423,8.50507529
2021-02-14,0.052574,7.710902607,8.999705622
2021-02-14,0.098606,7.696805433,8.743830123
2021-02-14,0.016869,7.704282722,8.64468633
2021-02-19,28.304246,7.687629968,8.550401667
2021-02-19,0.066708,7.686880623,8.761745574
2021-02-19,7.147013,7.665032225,8.470362676
2021-02-24,0.012346,7.683863173,8.531420087
2021-02-24,0.037198,7.663450975,8.40968058
2021-02-24,0.028922,7.673512404,8.622218717
2021-02-24,0.024739,7.679650538,8.442753835
2021-03-01,0.086984,7.653628824,8.615402855
2021-03-01,0.06075,7.654905077,8.391799527
2021-03-01,0.057988,7.647213737,8.245907599
2021-03-01,0.091478,7.635533339,8.29715616
2021-03-06,0.038878,7.678759074,8.863995339
2021-03-06,0.031413,7.679937276,8.624181224
2021-03-06,0.020929,7.675099967,8.530193566
2021-03-06,0.041953,7.669996931,8.659368934
2021-03-11,2.026383,7.57152956,6.31918162
2021-03-11,0.067644,7.598545842,7.007689987
2021-03-11,4.834138,7.683721698,8.328631111
2021-03-11,0.080057,7.683010364,8.519745989
2021-03-16,1.506414,7.706150899,9.199779334
2021-03-16,1.677267,7.706681831,9.384406154
2021-03-16,0.162929,7.708258669,9.266169203
2021-03-16,1.820531,7.708478954,9.485490681
2021-03-26,0.51163,7.690565508,8.886532407
2021-03-26,1.9936,7.690765766,9.079125766
2021-03-26,0.815084,7.693696069,8.95863722
2021-03-26,26.64164,7.694081467,9.178371058
2021-03-31,0.045137,7.668746818,8.708168739
2021-03-31,0.398087,7.66902424,8.530926708
2021-03-31,0.266137,7.672886555,8.619425729
2021-03-31,0.063679,7.6737546,8.828463583
2021-04-05,0.355534,7.685730096,8.741893158
2021-04-05,0.807816,7.686915548,8.903731024
2021-04-05,0.147511,7.689213917,8.817585595
2021-04-05,1.845269,7.689789716,8.991889547
2021-04-10,2.309037,7.687775098,8.709982164
2021-04-10,0.121768,7.688142558,8.887816182
2021-04-10,1.969218,7.684644386,8.642721079
2021-04-10,0.16333,7.684698991,8.789982136
2021-04-15,28.946542,7.715134233,10.12957159
2021-04-20,1.250323,7.678909318,8.816492536
2021-04-20,0.090043,7.679207491,8.981622786
2021-04-20,0.185049,7.68207896,8.883967886
2021-04-20,0.088689,7.682375465,9.075926209
2021-04-25,3.25224,7.690284444,9.129419259
2021-04-25,15.343039,7.687477493,9.074727711
2021-04-25,18.029212,7.687435429,9.244862094
2021-04-25,6.189634,7.6896302,9.321732014
2021-05-10,16.869582,7.692697959,9.128600916
2021-05-10,2.788588,7.693366484,9.296124281
2021-05-10,31.404535,7.695371738,9.20577711
2021-05-10,15.227762,7.695405436,9.374220873
2021-05-15,2.576707,7.697659228,9.624918164
2021-06-04,34.503808,7.705477784,12.00082754
2021-06-04,35.431532,7.705386789,12.00229437
2021-06-24,32.889153,7.70597302,11.3960698
2021-07-14,32.279173,7.682518357,10.41509154
2021-07-14,18.489878,7.682809809,10.65125079
2021-07-14,30.024194,7.680047749,10.24171089
2021-07-14,13.201189,7.682060247,10.61922009
2021-08-03,22.552376,7.661953483,6.952758974
2021-08-03,35.139499,7.669989055,7.012194914
2021-09-12,1.349757,7.686539544,9.355792584
2021-09-12,4.282191,7.685677864,9.116244834
2021-09-12,4.294937,7.683756095,9.253260191
2021-09-12,7.087257,7.683267076,9.048664615
2021-09-22,23.742144,7.707475408,10.12137742
2021-09-22,28.673981,7.702687203,10.33074201
2021-09-22,36.101016,7.704660595,10.09399316
2021-09-22,33.266826,7.700968923,10.31063263
2021-09-27,1.239148,7.668537435,7.885838816
2021-09-27,3.863796,7.642371285,7.628800179
2021-09-27,1.904549,7.659947056,7.79446013
2021-09-27,6.957947,7.655014869,7.888748117
2021-10-07,17.975231,7.7016221,7.719111579
2021-10-07,27.678311,7.694345248,7.684598215
2021-10-07,15.689502,7.698564624,7.313321791
2021-10-07,11.484045,7.69891668,7.426575878
2021-10-12,4.891915,7.716140357,10.14024493
2021-10-12,2.443333,7.709135445,10.21132239
2021-10-12,10.4366,7.711694364,9.944273195
2021-10-12,9.100468,7.707210885,9.957652888
2021-10-17,34.684369,7.658662382,8.160370266
2021-10-17,37.717253,7.676498751,8.452335758
2021-10-17,26.958606,7.670148534,8.343330935
2021-10-22,0.061237,7.675691017,8.632652014
2021-10-22,0.150275,7.647831014,8.415929855
2021-10-22,0.079255,7.679775976,8.63672
2021-10-22,0.068806,7.662151894,8.502047688
2021-10-27,0.137846,7.666323658,8.748528985
2021-10-27,0.166168,7.666688484,8.582288804
2021-10-27,0.115434,7.657245524,8.578671304
2021-10-27,0.084449,7.670317429,8.676252308
2021-11-01,0.167718,7.715931001,9.105089386
2021-11-01,0.31185,7.708668942,8.905625381
2021-11-01,0.215318,7.697860122,8.813731613
2021-11-01,0.170774,7.708030063,8.846629367
2021-11-06,3.24348,7.686794494,8.908663328
2021-11-06,6.983099,7.696579774,9.122607407
2021-11-06,9.83895,7.690994495,8.884556442
2021-11-06,2.365708,7.694494129,9.040127915
2021-11-11,22.834315,7.710466908,9.287754266
2021-11-11,8.715004,7.704802241,9.207173561
2021-11-16,2.611268,7.706596173,9.414448525
2021-11-16,0.663034,7.713933621,9.626425055
2021-11-16,1.180726,7.708547303,9.493170268
2021-11-16,1.529938,7.706952432,9.360437475
2021-11-21,2.996727,7.708997428,9.06904563
2021-11-21,0.09184,7.707446589,9.15245043
2021-11-21,2.40918,7.710130611,9.133405796
2021-11-21,0.118347,7.70968266,9.226617622
2021-11-26,8.848328,7.711427964,9.687748801
2021-11-26,19.322421,7.710797334,9.735372362
2021-11-26,10.037561,7.716939426,9.67936186
2021-11-26,0.84751,7.716158108,9.642472552
2021-12-01,6.63111,7.717396101,9.701364273
2021-12-01,2.664971,7.719001191,9.602029048
2021-12-01,0.969291,7.718017241,9.568506667
2021-12-01,18.708558,7.715039547,9.635714259
2021-12-06,0.944204,7.68781842,8.52024273
2021-12-06,0.103324,7.689284002,8.788872751
2021-12-06,1.310202,7.69146726,8.604564361
2021-12-06,0.215433,7.685128661,8.690773333
2021-12-11,0.269953,7.716091528,8.980680416
2021-12-11,1.387325,7.714166987,9.096858433
2021-12-11,0.097521,7.715093755,8.949844568
2021-12-11,0.868793,7.71256835,9.022465841
2021-12-16,1.537268,7.702603809,9.329553673
2021-12-16,2.513574,7.701689741,9.141887853
2021-12-16,2.75757,7.698317762,9.231998223
2021-12-16,1.63167,7.703583694,9.19039666
2021-12-21,1.617216,7.706145009,9.15493956
2021-12-21,0.562201,7.709198407,9.09422392
2021-12-21,2.90434,7.707142214,9.235901037
2021-12-21,0.119917,7.708770266,9.056519709
2021-12-26,4.331502,7.718885732,9.814919889
2021-12-26,1.051716,7.718125324,9.759697462
2022-01-10,10.450692,7.717511651,9.860172007
2022-01-15,29.05271,7.709283161,9.984516897
2022-01-15,3.956218,7.709549881,10.06285624
2022-01-20,14.446392,7.730154362,13.26050683
2022-01-20,23.759745,7.729684287,13.09506083
2022-01-25,38.959491,7.72510789,11.98364303
2022-01-25,31.182203,7.73087785,11.98477404
2022-01-30,0.000604,7.698809684,8.780393982
2022-01-30,0.100358,7.677502341,8.720580021
2022-01-30,0.002667,7.697203252,8.726442883
2022-01-30,0.002237,7.676115571,8.605347282
2022-02-14,0.001459,7.693058382,8.671538899
2022-02-14,0.000771,7.662201306,8.394098101
2022-02-14,0.000803,7.696223369,8.746230099
2022-02-14,0.003729,7.670518678,8.552304885
2022-02-19,0.002101,7.666600975,8.437922513
2022-02-19,4.225438,7.682451966,8.497677756
2022-02-19,0.003026,7.679236914,8.692726895
2022-02-19,0.071669,7.690782575,8.652563212
2022-02-24,39.415368,7.719080956,9.181680048
2022-02-24,30.770463,7.735054667,8.990698875
2022-02-24,20.117833,7.741454046,9.247434681
2022-03-01,0.003023,7.641024191,7.040128658
2022-03-01,0.002442,7.678973225,7.977457935
2022-03-01,0.001611,7.66971365,7.607314166
2022-03-01,0.001042,7.678232967,7.944167333
2022-03-06,0.000542,7.677339631,8.414915936
2022-03-06,0.001354,7.692297279,8.498839115
2022-03-06,0.000826,7.694252899,8.546980059
2022-03-06,0.002027,7.682121704,8.527221078
2022-03-11,0.000965,7.683746106,8.518231544
2022-03-11,0.001583,7.680799652,8.442278386
2022-03-11,0.001184,7.671014504,8.481724473
2022-03-11,0.001719,7.676658047,8.613164004
2022-03-16,0.000766,7.596655019,7.110208671
2022-03-16,0.001144,7.657774848,7.947223796
2022-03-16,0.001184,7.632544408,7.519043735
2022-03-16,0.002976,7.60411433,7.256886124
2022-03-21,0.041094,7.641899903,7.742468346
2022-03-21,0.009768,7.650797228,7.710266993
2022-03-21,1.796434,7.646871451,7.848475537
2022-03-21,0.009631,7.661946296,7.901978767
2022-03-26,0.007344,7.650193714,7.871087171
2022-03-26,0.003852,7.637136279,7.842367043
2022-03-26,0.018351,7.690592483,8.578364865
2022-03-26,0.009399,7.692144385,8.803217507
2022-03-31,0.000129,7.677997679,8.216777954
2022-03-31,0.007455,7.675215986,8.328475476
2022-03-31,0.002021,7.668026059,8.18328978
2022-03-31,0.003316,7.67863716,8.231863605
2022-04-05,0.000992,7.680035174,8.519790317
2022-04-05,0.015833,7.684856651,8.408203499
2022-04-05,0.000831,7.675209904,8.397105383
2022-04-05,0.01415,7.678963518,8.283113968
2022-04-10,0.027492,7.660223409,8.396154932
2022-04-10,0.064893,7.670789647,8.364477635
2022-04-10,0.039952,7.653654738,8.240853882
2022-04-10,0.026772,7.66853292,8.331953847
2022-04-15,13.52441,7.655160892,8.361169216
2022-04-15,0.004864,7.651155467,8.49635978
2022-04-15,13.120715,7.653499603,8.368687504
2022-04-15,0.007173,7.657614139,8.634858046
2022-04-20,0.077561,7.630906637,7.782788775
2022-04-20,0.035245,7.624831396,7.889226022
2022-04-20,0.0126,7.625477918,7.698986896
2022-04-20,0.002596,7.612232555,7.668598544
2022-04-25,0.044867,7.670769512,8.523013011
2022-04-25,0.031385,7.666029595,8.587559471
2022-04-25,0.017946,7.672972499,8.717426603
2022-04-25,0.052028,7.666560731,8.415108169
2022-04-30,0.596962,7.644811641,7.986772478
2022-04-30,12.219176,7.629405432,7.5853276
2022-04-30,0.387753,7.634663038,7.851990338
2022-04-30,1.28883,7.645912748,7.907157015
2022-05-10,6.198711,7.636837346,8.556916801
2022-05-10,0.002329,7.685913432,9.435148332
2022-05-10,5.393973,7.662182382,8.954645137
2022-05-10,0.012857,7.655315897,9.050538726
2022-05-15,8.764616,7.692383884,9.129439194
2022-05-15,11.798567,7.69889157,9.435440924
2022-05-20,0.366391,7.621002964,8.190815207
2022-05-20,1.055676,7.654930663,8.572212115
2022-05-20,3.973086,7.648281648,8.484247118
2022-05-20,9.677708,7.628186624,8.316351035
2022-05-25,0.049336,7.640936422,8.666496967
2022-05-25,0.048165,7.628908971,8.687690622
2022-05-25,2.437898,7.627667075,8.499352661
2022-05-25,0.590214,7.677633432,9.33897412
2022-05-30,0.246283,7.660117159,8.885419292
2022-05-30,0.179759,7.653374297,8.763074467
2022-05-30,4.81006,7.666859434,8.856492613
2022-05-30,3.030994,7.675535686,8.978500161
2022-06-04,9.482715,7.692671455,9.242068787
2022-06-04,18.946904,7.695614483,9.339252355
2022-06-19,37.579954,7.676718997,9.133411406
2022-06-19,14.213035,7.682057204,9.419088622
2022-06-19,19.892409,7.669489035,8.990586995
2022-06-19,3.978587,7.675363887,9.267122912
2022-06-24,33.444133,7.691371775,9.332065238
2022-06-24,25.82019,7.692520942,9.543128388
2022-06-24,12.536801,7.6894647,9.267586565
2022-06-24,9.360884,7.68987874,9.462010322
2022-07-14,33.96841,7.681652828,10.01389686
2022-07-14,28.410575,7.67888212,9.928176542
2022-07-19,24.494013,7.723024011,10.3261546
2022-07-19,32.107928,7.717836297,10.12348125
2022-07-19,10.784446,7.722374088,10.10989641
2022-07-19,20.072499,7.718760635,9.891307022
2022-08-23,9.398363,7.710188471,8.98539349
2022-08-23,24.857849,7.710640822,8.855550762
2022-09-22,30.860844,7.712454891,9.277378458
2022-09-22,34.307647,7.712059336,9.387062973
2022-09-22,38.645849,7.714199989,9.461353694
2022-09-27,22.60191,7.722709229,9.5409475
2022-10-02,21.139757,7.682624577,8.644433751
2022-10-02,0.462291,7.640139593,7.769990523
2022-10-02,23.493809,7.678983023,8.431631829
2022-10-02,33.505481,7.667665797,8.179633286
2022-10-07,39.370307,7.677688943,8.184072355
2022-10-07,26.783666,7.686651878,8.248061492
2022-10-07,33.402461,7.686776829,8.366095559
2022-10-17,5.711515,7.727696987,10.96360806
2022-10-22,8.38761,7.69683853,9.018268823
2022-10-22,0.043804,7.675363681,8.700592369
2022-10-22,2.039705,7.689086946,8.978849578
2022-10-22,2.646861,7.691050674,8.885336339
2022-10-27,0.008654,7.703366874,8.775560029
2022-10-27,0.003391,7.676272175,8.370917369
2022-10-27,0.003165,7.703441602,8.766614523
2022-10-27,0.008431,7.693967361,8.71400125
2022-11-01,2.346734,7.691875005,8.605519333
2022-11-01,0.002264,7.662457865,8.238697901
2022-11-01,6.724327,7.684974805,8.540465358
2022-11-01,0.707927,7.690840881,8.724901818
2022-11-06,0.311071,7.695668007,9.111944777
2022-11-06,3.08203,7.691391602,8.905900566
2022-11-06,0.089273,7.692660485,8.914325081
2022-11-06,7.351219,7.707865235,9.29266928
2022-11-11,1.062017,7.674159405,9.537915357
2022-11-11,0.723565,7.701674442,9.907898971
2022-11-11,0.532985,7.660154807,9.167122925
2022-11-11,0.224704,7.699817359,9.927458474
2022-11-16,0.003145,7.667334314,8.619012043
2022-11-16,0.000275,7.682955519,8.781209112
2022-11-16,0.007495,7.694645633,9.023137817
2022-11-16,0.004859,7.680259862,8.70301028
2022-11-21,4.386319,7.688271299,8.984240597
2022-11-21,0.665765,7.682142517,8.977107771
2022-11-21,11.942535,7.695148883,9.092987395
2022-11-21,3.430098,7.682132284,9.022192413
2022-11-26,1.047117,7.678553404,8.404597257
2022-11-26,0.001566,7.700333396,8.716578616
2022-11-26,0.101646,7.699987276,8.689181015
2022-11-26,0.004684,7.673272688,8.283636508
2022-12-01,0.095026,7.677174376,8.877406067
2022-12-01,1.226837,7.682749599,8.796374926
2022-12-01,0.47199,7.677830682,8.686265683
2022-12-01,0.353286,7.669606472,8.71267102
2022-12-06,0.064947,7.719876222,9.661906729
2022-12-06,0.697287,7.693570812,9.141139103
2022-12-06,0.186808,7.720529876,9.698255847
2022-12-06,0.228272,7.68724909,9.036194379
2022-12-11,0.006176,7.702770498,8.915314382
2022-12-11,0.004027,7.658710816,8.108080501
2022-12-11,0.001752,7.703783269,8.930535891
2022-12-11,0.016141,7.668424342,8.282548033
2022-12-16,0.002784,7.671388089,8.04990056
2022-12-16,0.010471,7.68170608,8.287258077
2022-12-16,0.001845,7.71237425,8.751433544
2022-12-16,0.00313,7.709757532,8.665645486
2022-12-21,4.225583,7.713332523,9.162503499
2022-12-21,0.008711,7.71579252,9.260185213
2022-12-26,1.464965,7.728099893,10.67962191
2022-12-26,24.205315,7.734282255,10.43540868
2022-12-26,9.614533,7.738268173,10.49025442
2022-12-26,0.742255,7.723060902,10.40768087
2022-12-31,0.457034,7.684642092,8.839220816
2022-12-31,0.160303,7.717493798,9.786857567
2022-12-31,0.03279,7.718532379,9.787665957
2023-01-10,12.974937,7.732147345,12.36239487
2023-01-10,22.558516,7.73125956,12.1726472
2023-01-15,1.322967,7.699638816,8.508214754
2023-01-15,37.863445,7.673591254,8.17117712
2023-01-15,2.129057,7.701833721,8.536407036
2023-01-20,17.900299,7.699715623,9.007513733
2023-01-20,26.990521,7.691012187,9.017039865
2023-01-20,1.052302,7.705285126,9.133810959
2023-01-20,18.916696,7.681663065,8.850171336
2023-01-25,25.744587,7.749426557,8.146277271
2023-01-25,4.704827,7.743528974,8.504039716
2023-01-25,13.211316,7.745046673,8.599833496
2023-01-25,6.638644,7.757937428,8.242533329
2023-02-04,0.003389,7.691004409,8.548107725
2023-02-04,0.002282,7.663016827,8.280403413
2023-02-04,0.001885,7.688537705,8.532578928
2023-02-04,3.029552,7.659069445,8.278704921
2023-02-09,0.003603,7.69217126,8.845298081
2023-02-09,0.001151,7.701941831,8.772671013
2023-02-09,0.001231,7.685712996,8.715546545
2023-02-09,0.003055,7.69837329,8.693542738
2023-02-14,0.003989,7.703842208,8.694066603
2023-02-14,0.00291,7.685785125,8.612450748
2023-02-14,0.000806,7.706207657,8.750508795
2023-02-14,0.005906,7.693171286,8.776653626
2023-02-19,0.005191,7.65487117,7.402377671
2023-02-19,0.007711,7.635599427,7.218813946
2023-02-19,0.002773,7.627769778,7.077869983
2023-02-19,0.001257,7.62101523,6.739027854
2023-02-24,15.326428,7.708736273,8.772982218
2023-02-24,2.697197,7.709060698,8.564337654
2023-02-24,14.240952,7.695939471,8.324098553
2023-02-24,23.941483,7.696996087,8.521313581
2023-03-01,0.005348,7.672433268,8.234012945
2023-03-01,0.417424,7.658870432,7.981318966
2023-03-01,0.24619,7.641973498,7.897222612
2023-03-01,0.002757,7.668253157,8.368152083
2023-03-06,0.002389,7.698465303,8.785347957
2023-03-06,0.000574,7.700188163,8.602912711
2023-03-06,0.410928,7.690532709,8.430476195
2023-03-06,0.001552,7.688063918,8.564549465
2023-03-11,0.002893,7.654955517,7.702190876
2023-03-11,1.969907,7.659997574,7.552716751
2023-03-11,0.20783,7.684346198,7.986117219
2023-03-11,0.001266,7.631699555,7.301088906
2023-03-26,29.096925,7.683291012,8.74130855
2023-03-26,1.414969,7.68728565,8.972140166
2023-03-26,15.193683,7.679496429,8.670637175
2023-03-26,24.29667,7.682865036,8.854175242
2023-04-05,0.003205,7.704751313,9.310964856
2023-04-05,2.157325,7.703929324,9.115123605
2023-04-05,0.004615,7.699924991,9.042412288
2023-04-05,0.002372,7.702224114,9.22699495
2023-04-10,33.710894,7.709910747,9.990906603
2023-04-10,24.399434,7.710220516,10.08707346
2023-04-15,30.529451,7.687482071,9.209801344
2023-04-15,0.040362,7.688380882,9.008368484
2023-04-15,16.835381,7.683185251,9.11621119
2023-04-15,0.037894,7.686237154,8.933419146
2023-04-20,20.9896,7.674360181,8.867730388
2023-04-20,0.005468,7.674063498,9.039042448
2023-04-20,2.605283,7.676804255,8.934770066
2023-04-20,0.019227,7.677876188,9.144200356
2023-04-25,31.415665,7.696594183,9.554359244
2023-04-25,34.155771,7.732030268,11.21770844
2023-04-25,32.872444,7.701065624,9.791132856
2023-05-05,9.129757,7.709404791,10.32177603
2023-05-05,28.163695,7.712291995,10.32488348
2023-05-05,16.505285,7.708081105,10.1609285
2023-05-05,1.571364,7.707950093,10.22921726
2023-05-10,11.445054,7.676874798,9.14277355
2023-05-10,0.001607,7.676037574,9.335197676
2023-05-10,15.999678,7.681481039,9.219970711
2023-05-10,0.095866,7.680296317,9.418187855
2023-05-15,37.905529,7.729257305,13.35756499
2023-05-20,0.058642,7.683947254,9.329610986
2023-05-20,0.004281,7.679478532,9.564297609
2023-05-20,0.155345,7.685829145,9.405671763
2023-05-20,0.003948,7.682505001,9.656907584
2023-05-25,39.53962,7.680554739,9.316243861
2023-05-25,3.091897,7.681402991,9.083924671
2023-05-25,11.994991,7.6817435,9.067170515
2023-05-30,5.452457,7.670176982,9.079505579
2023-05-30,4.721813,7.670534084,8.905156295
2023-05-30,1.005194,7.665376053,8.808855065
2023-05-30,7.920017,7.664289509,8.954456542
2023-06-04,0.026093,7.685221386,9.399263641
2023-06-04,0.149125,7.688335261,9.599585326
2023-06-04,8.936009,7.689165089,9.47546265
2023-06-04,0.00788,7.693469145,9.673956503
2023-06-09,19.100869,7.664662986,9.373220458
2023-06-09,6.484555,7.659296238,9.490742156
2023-06-09,12.765522,7.663716067,9.552754925
2023-06-09,15.160015,7.661777827,9.284455002
2023-06-14,26.491377,7.685352098,9.77404638
2023-06-14,11.903749,7.684676147,10.03270427
2023-06-14,13.889231,7.683893162,9.715593223
2023-06-14,6.712158,7.684139581,9.932110845
2023-06-19,15.09815,7.689581989,9.482821447
2023-06-19,8.74514,7.689425008,9.742560906
2023-06-19,21.154578,7.687437775,9.480218147
2023-06-19,14.570861,7.685497107,9.610615703
2023-08-28,19.27776,7.685473425,8.893394904
2023-08-28,2.737164,7.683664481,9.117086158
2023-08-28,16.985312,7.692132498,9.134112965
2023-08-28,9.611487,7.690787574,9.367555931
2023-09-02,15.461096,7.682739355,8.86666637
2023-09-02,0.334223,7.679042775,8.804258725
2023-09-02,28.42418,7.694718614,9.189033198
2023-09-02,10.373161,7.699880773,9.480257975
2023-09-27,37.716126,7.71170293,9.848844463
2023-10-07,18.705824,7.705111431,10.19726298
2023-10-07,35.86767,7.706233379,10.42248995
2023-10-07,0.0635,7.704549342,10.25243037
2023-10-07,11.864133,7.70603474,10.45735067
2023-10-12,0.007084,7.711953711,8.832087089
2023-10-12,0.14053,7.711455828,8.707726508
2023-10-12,0.681686,7.709382713,8.612948314
2023-10-12,0.004108,7.705912372,8.656037788
2023-10-17,0.570944,7.69144607,8.915017519
2023-10-17,0.518329,7.690488808,8.727929505
2023-10-17,11.24937,7.685053274,8.615614556
2023-10-17,0.011962,7.691512263,8.887860482
2023-10-22,3.714468,7.711179457,8.876235274
2023-10-22,2.196306,7.700555889,8.743288928
2023-10-22,6.440018,7.710034147,8.862865907
2023-10-22,0.09709,7.706583049,8.863501511
2023-10-27,0.00433,7.662003955,8.252409547
2023-10-27,0.001383,7.660258766,8.19553373
2023-10-27,0.168629,7.678955536,8.381078608
2023-10-27,0.651653,7.68240724,8.420485723
2023-11-06,4.340361,7.580433571,7.152506419
2023-11-06,0.005687,7.688090678,9.113770184
2023-11-06,12.701425,7.567956983,6.944546844
2023-11-06,0.053181,7.687673577,9.108286662
2023-11-11,0.789752,7.706246801,10.09961956
2023-11-11,15.809882,7.70917875,10.37989852
2023-11-11,4.158493,7.723060619,10.81547534
2023-11-11,9.753783,7.705750367,10.2211684
2023-11-16,0.68801,7.680834185,9.156082904
2023-11-16,0.947567,7.716914133,9.772411552
2023-11-16,0.433597,7.680020358,9.042365612
2023-11-16,0.515144,7.708824559,9.634524566
2023-11-21,0.063805,7.7194487,9.946556257
2023-11-21,0.731351,7.725572743,9.98086169
2023-11-21,0.488779,7.69069806,8.979460189
2023-11-21,0.276202,7.7142825,9.769223181
2023-11-26,0.0021,7.699837006,9.170222803
2023-11-26,0.0421,7.657478013,8.328739047
2023-11-26,0.866255,7.700751586,9.163801736
2023-11-26,0.01832,7.648664134,8.156952825
2023-12-11,0.005946,7.704804093,8.887401092
2023-12-11,0.004187,7.707482842,8.802347109
2023-12-11,0.001879,7.699257321,8.74711543
2023-12-11,0.00061,7.715691674,8.972875896
2023-12-16,0.007253,7.689595606,8.656705864
2023-12-16,0.00077,7.712138837,9.00212242
2023-12-16,0.004024,7.704408936,8.822320104
2023-12-16,0.002564,7.690779771,8.567988833
2023-12-21,31.682131,7.713503392,9.427930456
2023-12-21,17.424415,7.714291045,9.386473627
2023-12-21,34.889808,7.693894845,8.776308695
2023-12-26,5.661488,7.713159312,9.450958436
2023-12-26,8.44458,7.709934201,9.400325761
2023-12-26,0.039562,7.706952245,9.480844033
2023-12-26,1.447872,7.713055382,9.39943176
2024-01-10,2.429272,7.691791911,8.632565586
2024-01-10,6.172551,7.718460729,9.501238892
2024-01-10,21.99966,7.717667098,9.440959793
2024-01-10,1.860236,7.581974006,6.805113612
2024-01-20,38.162857,7.730433892,10.89102506
2024-01-20,21.666843,7.731264473,11.49802707
2024-01-30,9.313928,7.739126908,10.05545604
2024-01-30,2.703682,7.73785184,9.945501851
2024-01-30,18.310155,7.73443834,10.14631423
2024-02-04,6.361054,7.716522459,9.953033279
2024-02-09,0.143601,7.69803431,8.657493576
2024-02-09,0.001062,7.709401398,8.853395854
2024-02-09,0.033441,7.705256873,8.765797539
2024-02-09,0.00364,7.701628785,8.912214905
2024-02-19,2.453247,7.734459474,11.08677523
2024-02-19,9.979227,7.728020256,11.13274032
2024-02-19,25.84286,7.716955303,10.23949258
2024-02-19,20.767353,7.729979242,10.85665608
2024-02-29,0.001486,7.702249195,8.900944555
2024-02-29,0.000358,7.704384087,8.745028627
2024-02-29,0.000602,7.70129607,8.653153637
2024-02-29,0.000273,7.696475865,8.599834427
2024-03-05,0.016795,7.691181518,8.781969779
2024-03-05,0.001401,7.686691645,8.767328596
2024-03-05,0.023441,7.695381311,8.861857894
2024-03-05,0.003723,7.692659652,9.063536724
2024-03-10,0.234886,7.693907494,8.408991444
2024-03-10,0.095558,7.696810082,8.456432165
2024-03-10,0.031141,7.699996743,8.68700894
2024-03-10,0.018955,7.703040312,8.569597048
2024-03-15,0.002643,7.676853305,8.38027382
2024-03-15,0.001094,7.677866423,8.393352835
2024-03-15,0.000906,7.681813407,8.493593501
2024-03-15,0.00209,7.679687154,8.644382669
2024-03-25,17.917131,7.552300802,5.943088587
2024-03-25,2.361711,7.591023647,6.381014762
2024-03-25,1.252231,7.588356617,6.344278658
2024-03-25,0.017871,7.670589258,7.782262925
2024-03-30,0.001695,7.70424344,8.921094952
2024-03-30,0.004202,7.615758073,7.232166575
2024-03-30,0.000977,7.645590636,7.646286876
2024-03-30,18.017511,7.709337375,8.870562364
2024-04-09,27.737406,7.721396546,11.08782486
2024-04-09,32.897556,7.720877035,10.95625652
2024-04-09,31.180531,7.720835157,10.76558658
2024-04-14,27.378932,7.658759598,9.242620457
2024-04-14,1.153094,7.676319354,9.285919096
2024-04-14,12.861994,7.678431996,9.382744279
2024-04-19,0.006142,7.697717634,8.946635117
2024-04-19,0.002048,7.696714503,8.961181979
2024-04-19,0.00082,7.701713376,9.017850022
2024-04-19,0.004808,7.700155974,9.202246274
2024-04-24,0.000963,7.674629325,8.879686195
2024-04-24,0.000429,7.675663736,8.901386196
2024-04-24,0.002651,7.677704682,9.133507447
2024-04-24,0.050408,7.678767282,8.961446124
2024-04-29,25.545585,7.688561623,9.130837111
2024-04-29,7.704278,7.691743894,9.159433328
2024-04-29,12.720428,7.693420077,9.220820308
2024-04-29,7.639095,7.695389825,9.401529127
2024-05-09,15.26663,7.667646116,8.668401777
2024-05-09,27.143517,7.672650034,8.748641701
2024-05-09,39.974898,7.64525764,8.444254094
2024-05-09,2.678716,7.620457095,7.884058453
2024-05-14,8.247507,7.639133598,8.88584
2024-05-14,18.264037,7.625126214,8.743405909
2024-05-14,0.568754,7.644141758,8.997091886
2024-05-14,13.088284,7.641918876,9.201889668
2024-05-19,22.215357,7.67138671,8.863186754
2024-05-19,3.979866,7.672408902,9.084099604
2024-05-19,16.302085,7.667453851,8.959882602
2024-05-24,32.851815,7.68447951,8.839460637
2024-05-24,17.719558,7.662951,8.25785736
2024-05-24,28.809732,7.675928143,8.677178891
2024-05-24,20.933114,7.663979404,8.386252418
2024-05-29,9.421266,7.681201014,9.148717113
2024-05-29,8.435868,7.677839286,9.42068
2024-05-29,6.274135,7.680103171,9.092197521
2024-05-29,0.00153,7.670022643,8.974908512
2024-06-03,0.003787,7.631094792,8.678753555
2024-06-03,0.040491,7.644636519,9.09070201
2024-06-03,16.67348,7.655121996,8.977085515
2024-06-08,8.170172,7.692031834,9.475938415
2024-06-08,9.270623,7.69117813,9.41011579
2024-06-08,7.876123,7.680870121,9.258430733
2024-06-08,15.158238,7.721346686,10.12430546
2024-06-13,39.097521,7.710850734,11.0377614
2024-06-23,26.675117,7.712919661,8.88369648
2024-06-23,20.79445,7.71080686,8.893515518
2024-06-23,35.533816,7.697656646,8.379783542
2024-06-28,23.362863,7.711022952,9.591540534
2024-07-18,28.827181,7.720032214,12.33236924
2024-08-17,37.403974,7.730233587,13.26227344
2024-09-21,30.83092,7.731021067,9.217382886
2024-09-21,28.938186,7.736541763,9.580700068
2024-09-21,32.251391,7.724648315,9.451319616
2024-10-01,33.117214,7.710398775,9.066639877
2024-10-01,27.774441,7.700240575,8.92249306
2024-10-01,37.058106,7.711025079,9.178182749
2024-10-06,33.887151,7.746472294,11.23494512
2024-10-06,9.846886,7.74684152,11.13494741
2024-10-06,33.685711,7.744991393,11.13742784
2024-10-11,28.762934,7.692799172,8.464279232
2024-10-11,12.2761,7.701319483,8.522083385
2024-10-11,5.140807,7.689099676,8.258464755
2024-10-11,2.090013,7.679582062,8.058533808
2024-10-16,0.331273,7.693709919,8.756009311
2024-10-16,2.121952,7.705903035,8.880555653
2024-10-16,0.442761,7.694677657,8.661400622
2024-10-16,4.840166,7.703360212,8.852623844
2024-10-21,0.004599,7.68367393,8.553679726
2024-10-21,0.012316,7.678994678,8.479608828
2024-10-21,5.899957,7.660615637,8.237361006
2024-10-21,0.002538,7.66680386,8.259803005
2024-10-26,34.583879,7.68315534,9.172683189
2024-10-26,9.805186,7.686792237,9.330336476
2024-10-31,0.001988,7.658576813,8.643036809
2024-10-31,0.000738,7.631198713,8.310485333
2024-10-31,0.012186,7.628999577,8.398332669
2024-10-31,0.049522,7.652427923,8.607376228
2024-11-05,1.824549,7.7196819,10.0543144
2024-11-05,3.807243,7.722914149,9.998056318
2024-11-05,4.076947,7.7207152,9.989768575
2024-11-05,3.569106,7.715784798,9.346095346
2024-11-10,2.132055,7.710399419,10.05732172
2024-11-10,0.2543,7.634068638,8.182683512
2024-11-10,8.919944,7.71324978,10.11043435
2024-11-10,0.983039,7.641475564,8.342600959
2024-11-15,5.636438,7.701616475,9.002322641
2024-11-15,12.617302,7.704819086,8.981224466
2024-11-15,5.226517,7.664278035,8.317238662
2024-11-15,8.33338,7.707484945,9.05530845
2024-11-20,0.873209,7.62700756,8.762013416
2024-11-20,0.260603,7.707703482,10.26961423
2024-11-20,1.171907,7.672551902,9.647887874
2024-11-20,0.480241,7.637928278,8.931443713
2024-11-25,6.104943,7.725386108,10.30091391
2024-11-25,5.266452,7.736886861,10.80960004
2024-11-25,6.877928,7.732541191,10.84991767
2024-11-25,13.621959,7.725750093,10.54163579
2024-11-30,2.824247,7.705207512,9.329302045
2024-11-30,1.436618,7.700091417,9.204179956
2024-11-30,0.038393,7.68573549,8.947017638
2024-11-30,0.020172,7.680274069,8.906621724
2024-12-10,0.008493,7.70557498,9.189428197
2024-12-10,9.915395,7.706058529,9.144591648
2024-12-10,0.632723,7.710610008,9.275322098
2024-12-10,0.032608,7.703237893,9.179883619
2024-12-10,8.194243,7.681936897,8.518899898
2024-12-10,0.004744,7.685252795,8.623083343
2024-12-10,0.380696,7.689065333,8.69041379
2024-12-10,0.021586,7.680032022,8.609890682
2024-12-15,0.008328,7.704890768,8.512101986
2024-12-15,0.002621,7.71343122,8.663645597
2024-12-15,0.029768,7.718775729,8.759775339
2024-12-15,0.003604,7.692141824,8.162732335
2024-12-20,0.007167,7.66836553,8.232100813
2024-12-20,14.126493,7.707965944,9.008441827
2024-12-20,0.058709,7.633000415,7.505282699
2024-12-20,0.059879,7.696330091,8.725140652
2025-01-24,8.997189,7.725902409,9.569509258
2025-01-24,10.89927,7.724946421,9.710260673
2025-01-24,12.824811,7.727422971,9.618754529
2025-01-24,11.687554,7.726469105,9.80228676
2025-01-29,19.047965,7.704786294,8.522606872
2025-01-29,11.045253,7.681926993,8.013092852
2025-01-29,11.411999,7.709633194,8.593104815
2025-01-29,0.875,7.68397174,8.217144258
2025-02-03,0.001595,7.692260707,8.501361152
2025-02-03,0.001639,7.686926702,8.390952644
2025-02-03,0.002296,7.696811996,8.773934846
2025-02-03,0.00144,7.697758871,8.599540254
2025-02-08,13.832177,7.710256874,8.891203625
2025-02-08,24.48705,7.706466235,8.956587802
2025-02-08,5.03727,7.717487176,9.023297729
2025-02-08,14.861533,7.715060753,9.155375905
2025-02-13,0.028855,7.699943229,8.414684709
2025-02-13,0.042953,7.700129137,8.252130126
2025-02-13,0.002892,7.692844837,8.094183636
2025-02-13,0.011945,7.692359438,8.07636198
2025-02-18,0.003578,7.643261972,7.649799958
2025-02-18,2.204555,7.559810755,6.331823269
2025-02-18,0.003072,7.650147235,7.748523008
2025-02-18,0.036015,7.589536356,6.950100271
2025-02-23,0.001672,7.685622423,8.104025691
2025-02-23,0.003942,7.682864748,8.20814157
2025-02-23,0.001121,7.699437715,8.393583024
2025-02-23,0.002252,7.702533701,8.472920882
2025-03-05,5.392144,7.679285737,8.473263694
2025-03-05,0.002189,7.674199186,8.386013287
2025-03-05,1.189319,7.685127437,8.588265019
2025-03-05,0.005717,7.680723701,8.7103138
2025-03-10,0.001113,7.66598536,7.918933898
2025-03-10,0.006483,7.688059465,8.374963917
2025-03-10,0.003958,7.685221769,8.270007423
2025-03-10,0.002721,7.659422315,7.954190983
2025-03-15,0.002078,7.663079855,7.719536149
2025-03-15,0.002107,7.636384569,7.228840706
2025-03-15,0.000664,7.674966503,7.916197966
2025-03-15,0.001729,7.662778866,7.921772457
2025-03-25,0.000928,7.705535193,8.704369417
2025-03-25,0.000676,7.704129329,8.643242066
2025-03-25,0.000282,7.712471212,8.8385433
2025-03-25,0.00148,7.705466839,8.869803318
2025-03-30,0.00146,7.686638924,8.803431552
2025-03-30,1.190932,7.692707041,8.695423645
2025-03-30,0.07058,7.687872742,8.626688921
2025-03-30,0.001591,7.681314193,8.509429397
2025-04-01,0.001035,7.68753122,8.666230975
2025-04-01,0.001543,7.692208775,8.895338623
2025-04-01,0.001172,7.681729671,8.5542758
2025-04-01,0.002628,7.689695685,8.653582066
2025-04-09,0.039015,7.690838314,8.890812906
2025-04-09,0.068639,7.682298246,8.631404835
2025-04-09,19.118188,7.696682596,8.952399776
2025-04-09,1.801696,7.694255009,9.018058371
2025-04-14,18.082245,7.696379974,9.220956038
2025-04-14,15.087318,7.703237176,8.838314933
2025-04-19,0.148763,7.661430082,8.6871841
2025-04-19,0.059202,7.674327219,8.782903302
2025-04-19,0.018831,7.653351874,8.551495644
2025-04-19,0.001629,7.672666845,8.728795379
2025-04-21,0.029049,7.693687937,8.92935574
2025-04-21,0.002813,7.686048669,8.783314981
2025-04-21,0.003447,7.694597594,9.166876907
2025-04-21,3.804068,7.695848352,8.964978021
2025-04-24,0.00647,7.70152011,9.178232206
2025-04-24,0.010395,7.700646588,8.966295146
2025-04-24,0.002389,7.699370666,8.931740963
2025-04-24,0.011176,7.699624478,8.935247595
2025-04-29,21.86337,7.663660619,8.682826122
2025-04-29,32.20551,7.635827766,8.239159706
2025-04-29,39.023012,7.645419746,8.375908194
2025-04-29,26.073149,7.644964143,8.564719192
2025-05-04,0.087342,7.689576726,9.249688913
2025-05-04,1.456661,7.688964591,9.072984788
2025-05-04,19.285038,7.684889418,9.005391319
2025-05-04,8.468092,7.679736107,8.887125365
2025-05-11,18.50459,7.689038094,8.946547069
2025-05-11,4.53753,7.689465331,9.115653032
2025-05-11,9.455774,7.68636509,8.91960802
2025-05-11,4.828454,7.679846133,8.730099688
2025-05-14,4.131134,7.687701226,9.094899412
2025-05-14,18.374723,7.689981312,9.116820413
2025-05-19,6.144817,7.652797478,8.647967722
2025-05-19,2.499844,7.666880009,8.943243891
2025-05-19,9.788284,7.623893483,8.195866698
2025-06-08,6.407285,7.677355197,9.169811998
2025-06-08,0.527068,7.665801201,9.016418979
2025-06-08,2.479315,7.676287191,9.365817237
2025-06-08,7.416369,7.67836766,9.19029508
2025-06-13,8.919903,7.677942355,9.214053391
2025-06-13,8.589564,7.659825736,8.91222847
2025-06-13,3.276253,7.684268993,9.331910792
2025-06-13,15.862356,7.683390174,9.507852044
2025-07-18,33.502817,7.719044998,10.12946771
2025-07-18,14.855187,7.733197228,10.57608856
2025-07-18,19.636381,7.713650799,10.01718421
2025-07-18,25.41092,7.71478652,10.04099447
2025-08-17,25.025693,7.720514606,10.20634406
2025-08-17,28.157806,7.725203123,10.21886229
2025-08-17,21.304601,7.716756715,9.956170024
2025-08-17,29.608977,7.719226794,10.29133686
2025-08-27,35.434562,7.73678868,10.02631917
2025-09-06,22.318318,7.702218227,9.560741656
2025-09-06,30.678681,7.702181261,9.556374296
2025-09-06,20.768166,7.703408303,9.589736675
2025-09-08,35.946396,7.745324007,11.51422392
2025-09-28,36.094058,7.673755862,8.623719373
2025-09-28,11.342993,7.671745096,8.589505533
2025-09-28,19.356552,7.675006527,8.796587481
2025-10-01,36.389887,7.728043847,10.31582109
2025-10-06,22.447054,7.702158183,9.019122046
2025-10-06,22.689183,7.680113186,8.48126909
2025-10-06,35.756978,7.704958784,9.040303982
2025-10-11,15.05277,7.742198347,10.18612236
2025-10-11,21.290363,7.742057824,10.49218539
2025-10-16,0.008882,7.691429127,8.751074701
2025-10-16,0.001242,7.688497121,8.689540485
2025-10-16,0.07346,7.696731393,8.803847865
2025-10-16,0.005803,7.696174257,8.877526602
2025-10-18,10.730281,7.684171902,8.789094717
2025-10-18,13.107923,7.675595876,8.62073017
2025-10-18,9.319976,7.694761535,8.974822509
2025-10-18,3.111854,7.698353124,9.056344035
2025-10-21,0.495901,7.70294963,9.262819762
2025-10-21,1.515001,7.707041944,9.324296762
2025-10-21,2.433692,7.71003396,9.436603194
2025-10-21,1.413237,7.714418003,9.510823177
2025-11-05,0.076493,7.644282362,7.895954968
2025-11-05,0.054782,7.678740765,8.421149687
2025-11-05,0.004508,7.643640623,7.8706349
2025-11-05,0.052986,7.681016985,8.470474456
2025-11-07,0.004294,7.687048429,8.717246186
2025-11-07,0.001229,7.680761748,8.62530859
2025-11-07,0.002512,7.683716899,8.714118659
2025-11-07,0.005017,7.671993756,8.593717265
2025-11-10,0.004818,7.705196449,9.443893361
2025-11-10,0.014861,7.70054811,9.385334837
2025-11-10,0.012275,7.693209658,9.262137132
2025-11-10,0.025491,7.695313744,9.379659758
